Name,Email
Ayaan Sharma,ayaan.sharma@example.com
Riya Rao,riya.rao@example.com
Kiara Iyer,kiara.iyer@example.com
Reyansh Gupta,reyansh.gupta@example.com
Nikhil Chowdhury,nikhil.chowdhury@example.com
Aditya Sharma,aditya.sharma@example.com
Sai Menon,sai.menon@example.com
Kiara Sharma,kiara.sharma@example.com
Shreya Menon,shreya.menon@example.com
Neha Chowdhury,neha.chowdhury@example.com
Kiara Pillai,kiara.pillai@example.com
Nikhil Patel,nikhil.patel@example.com
Aarav Nair,aarav.nair@example.com
Pooja Kumar,pooja.kumar@example.com
Riya Iyer,riya.iyer@example.com
Aadhya Kumar,aadhya.kumar@example.com
Reyansh Gupta,reyansh.gupta1@example.com
Suresh Reddy,suresh.reddy@example.com
Rohan Singh,rohan.singh@example.com
Isha Patel,isha.patel@example.com
Aditya Pillai,aditya.pillai@example.com
Neha Reddy,neha.reddy@example.com
Suresh Gupta,suresh.gupta@example.com
Shreya Shah,shreya.shah@example.com
Aditi Singh,aditi.singh@example.com
Varun Menon,varun.menon@example.com
Arjun Verma,arjun.verma@example.com
Kiara Shah,kiara.shah@example.com
Sai Rao,sai.rao@example.com
Reyansh Das,reyansh.das@example.com
Riya Pillai,riya.pillai@example.com
Karthik Nair,karthik.nair@example.com
Karthik Singh,karthik.singh@example.com
Aadhya Patel,aadhya.patel@example.com
Arjun Nair,arjun.nair@example.com
Neha Rao,neha.rao@example.com
Ananya Pillai,ananya.pillai@example.com
Suresh Patel,suresh.patel@example.com
Shreya Rao,shreya.rao@example.com
Sneha Verma,sneha.verma@example.com
Kiara Verma,kiara.verma@example.com
Sneha Das,sneha.das@example.com
Riya Gupta,riya.gupta@example.com
Aadhya Kumar,aadhya.kumar1@example.com
Aadhya Naidu,aadhya.naidu@example.com
Manoj Pillai,manoj.pillai@example.com
Ishaan Patel,ishaan.patel@example.com
Krishna Rao,krishna.rao@example.com
Shreya Patel,shreya.patel@example.com
Nikhil Chowdhury,nikhil.chowdhury1@example.com
Nikhil Das,nikhil.das@example.com
Karthik Rao,karthik.rao@example.com
Krishna Naidu,krishna.naidu@example.com
Sai Verma,sai.verma@example.com
Ayaan Iyer,ayaan.iyer@example.com
Ananya Chowdhury,ananya.chowdhury@example.com
Isha Gupta,isha.gupta@example.com
Suresh Das,suresh.das@example.com
Isha Pillai,isha.pillai@example.com
Amit Patel,amit.patel@example.com
Shreya Sharma,shreya.sharma@example.com
Ayaan Patel,ayaan.patel@example.com
Meera Reddy,meera.reddy@example.com
Priya Chowdhury,priya.chowdhury@example.com
Ananya Pillai,ananya.pillai1@example.com
Aarav Patel,aarav.patel@example.com
Rahul Nair,rahul.nair@example.com
Rahul Reddy,rahul.reddy@example.com
Nikitha Menon,nikitha.menon@example.com
Ishaan Singh,ishaan.singh@example.com
Ananya Sharma,ananya.sharma@example.com
Isha Kumar,isha.kumar@example.com
Tanvi Sharma,tanvi.sharma@example.com
Ayaan Singh,ayaan.singh@example.com
Nikitha Rao,nikitha.rao@example.com
Vihaan Rao,vihaan.rao@example.com
Varun Gupta,varun.gupta@example.com
Sai Naidu,sai.naidu@example.com
Arjun Iyer,arjun.iyer@example.com
Krishna Naidu,krishna.naidu1@example.com
Shreya Nair,shreya.nair@example.com
Anika Chowdhury,anika.chowdhury@example.com
Aadhya Menon,aadhya.menon@example.com
Nikitha Das,nikitha.das@example.com
Karthik Pillai,karthik.pillai@example.com
Amit Pillai,amit.pillai@example.com
Ayaan Rao,ayaan.rao@example.com
Kiara Gupta,kiara.gupta@example.com
Meera Sharma,meera.sharma@example.com
Nikhil Rao,nikhil.rao@example.com
Nikhil Rao,nikhil.rao1@example.com
Aarav Gupta,aarav.gupta@example.com
Vihaan Rao,vihaan.rao1@example.com
Arjun Verma,arjun.verma1@example.com
Meera Gupta,meera.gupta@example.com
Rahul Rao,rahul.rao@example.com
Riya Naidu,riya.naidu@example.com
Aadhya Iyer,aadhya.iyer@example.com
Varun Naidu,varun.naidu@example.com
Myra Naidu,myra.naidu@example.com
Divya Menon,divya.menon@example.com
Reyansh Reddy,reyansh.reddy@example.com
Pooja Singh,pooja.singh@example.com
Pooja Chowdhury,pooja.chowdhury@example.com
Arjun Verma,arjun.verma2@example.com
Reyansh Verma,reyansh.verma@example.com
Manoj Kumar,manoj.kumar@example.com
Reyansh Rao,reyansh.rao@example.com
Saanvi Menon,saanvi.menon@example.com
Neha Pillai,neha.pillai@example.com
Krishna Chowdhury,krishna.chowdhury@example.com
Diya Patel,diya.patel@example.com
Arjun Rao,arjun.rao@example.com
Arjun Pillai,arjun.pillai@example.com
Shreya Reddy,shreya.reddy@example.com
Vihaan Sharma,vihaan.sharma@example.com
Sai Rao,sai.rao1@example.com
Ananya Chowdhury,ananya.chowdhury1@example.com
Tanvi Naidu,tanvi.naidu@example.com
Aadhya Das,aadhya.das@example.com
Vihaan Nair,vihaan.nair@example.com
Suresh Sharma,suresh.sharma@example.com
Suresh Patel,suresh.patel1@example.com
Arjun Shah,arjun.shah@example.com
Pooja Naidu,pooja.naidu@example.com
Ishaan Menon,ishaan.menon@example.com
Priya Menon,priya.menon@example.com
Vihaan Verma,vihaan.verma@example.com
Sneha Verma,sneha.verma1@example.com
Vihaan Naidu,vihaan.naidu@example.com
Rahul Nair,rahul.nair1@example.com
Vihaan Gupta,vihaan.gupta@example.com
Diya Gupta,diya.gupta@example.com
Isha Gupta,isha.gupta1@example.com
Myra Das,myra.das@example.com
Ayaan Rao,ayaan.rao1@example.com
Nikhil Verma,nikhil.verma@example.com
Aditi Gupta,aditi.gupta@example.com
Divya Kumar,divya.kumar@example.com
Anika Menon,anika.menon@example.com
Sneha Rao,sneha.rao@example.com
Anika Das,anika.das@example.com
Krishna Shah,krishna.shah@example.com
Arjun Kumar,arjun.kumar@example.com
Arjun Sharma,arjun.sharma@example.com
Arjun Reddy,arjun.reddy@example.com
Arjun Menon,arjun.menon@example.com
Rahul Patel,rahul.patel@example.com
Krishna Singh,krishna.singh@example.com
Arjun Rao,arjun.rao1@example.com
Karthik Shah,karthik.shah@example.com
Ananya Pillai,ananya.pillai2@example.com
Neha Shah,neha.shah@example.com
Aditi Sharma,aditi.sharma@example.com
Shreya Shah,shreya.shah1@example.com
Reyansh Iyer,reyansh.iyer@example.com
Anika Reddy,anika.reddy@example.com
Reyansh Iyer,reyansh.iyer1@example.com
Riya Shah,riya.shah@example.com
Isha Menon,isha.menon@example.com
Meera Menon,meera.menon@example.com
Anika Naidu,anika.naidu@example.com
Anika Verma,anika.verma@example.com
Sai Chowdhury,sai.chowdhury@example.com
Riya Verma,riya.verma@example.com
Aarav Kumar,aarav.kumar@example.com
Krishna Patel,krishna.patel@example.com
Ananya Pillai,ananya.pillai3@example.com
Shreya Chowdhury,shreya.chowdhury@example.com
Shreya Sharma,shreya.sharma1@example.com
Ayaan Gupta,ayaan.gupta@example.com
Ishaan Verma,ishaan.verma@example.com
Karthik Iyer,karthik.iyer@example.com
Pooja Iyer,pooja.iyer@example.com
Aditya Shah,aditya.shah@example.com
Karthik Verma,karthik.verma@example.com
Rohan Menon,rohan.menon@example.com
Myra Reddy,myra.reddy@example.com
Rohan Chowdhury,rohan.chowdhury@example.com
Aditi Iyer,aditi.iyer@example.com
Myra Nair,myra.nair@example.com
Diya Chowdhury,diya.chowdhury@example.com
Vivaan Nair,vivaan.nair@example.com
Meera Chowdhury,meera.chowdhury@example.com
Myra Patel,myra.patel@example.com
Ananya Reddy,ananya.reddy@example.com
Suresh Verma,suresh.verma@example.com
Kavya Rao,kavya.rao@example.com
Saanvi Pillai,saanvi.pillai@example.com
Rohan Shah,rohan.shah@example.com
Kiara Rao,kiara.rao@example.com
Vivaan Menon,vivaan.menon@example.com
Manoj Kumar,manoj.kumar1@example.com
Riya Gupta,riya.gupta1@example.com
Riya Singh,riya.singh@example.com
Rahul Das,rahul.das@example.com
Neha Kumar,neha.kumar@example.com
Vivaan Reddy,vivaan.reddy@example.com
Anika Nair,anika.nair@example.com
Nikhil Patel,nikhil.patel1@example.com
